index,university_hospital,case_volume,number_beds_total,hospital_type,dedicated_dept,QI,Age,Gender,Ruralness_ktyp,Severity,plz,travel_time,öffentlich,freigemeinnützig,privat
mean,0.26728529369602627,0.6244108341160242,0.524170641384834,2.4263513513513515,0.4987488610431847,0.5091921097719773,65.87432432432432,1.0,1.0,3.0,45629.90067567568,0.906861368971857,0.4046233622293473,0.36941596625719647,0.2259606715134562
median,0.0,0.6019762241247881,0.5,3.0,0.5,0.5,67.0,1.0,1.0,3.0,45130.0,0.9750508761407055,0.4046233622293473,0.36941596625719647,0.2259606715134562
variance,0.17345297725946535,0.05307266270987277,0.04094432158990057,0.48273988999140954,0.0013158017024181101,0.07560961143989006,51.72456005701419,0.0,0.0,0.0,850336967.8461117,0.020266087481227983,0.4046233622293473,0.36941596625719647,0.2259606715134562
