index,university_hospital,case_volume,number_beds_total,hospital_type,dedicated_dept,QI,Age,Gender,Ruralness_ktyp,Severity,plz,travel_time,öffentlich,freigemeinnützig,privat
mean,0.6715294181369174,0.6021084437192225,6.037424822732123e+17,2.4324241495556236,0.8354685131563947,0.49460251750208895,65.85963836959853,1.0,2.3577995709469812,3.0,49620.21069567883,0.8668137401361289,0.42347131041869135,0.3041859219738591,0.2723427676074496
median,0.6765263535824293,0.5383918136073006,0.5,3.0,0.8307584429148758,0.5,66.0,1.0,2.0,3.0,49393.0,0.9524599595912,0.42347131041869135,0.3041859219738591,0.2723427676074496
variance,0.029082527415498632,0.03715453387528601,2.3787595314667236e+39,0.5305285900312675,0.0007009009728493835,0.10319830355002668,49.764203639319035,0.0,1.0083583144579753,0.0,903356459.088937,0.03850746155760149,0.42347131041869135,0.3041859219738591,0.2723427676074496
