index,university_hospital,case_volume,number_beds_total,hospital_type,dedicated_dept,QI,Age,Gender,Ruralness_ktyp,Severity,plz,travel_time,öffentlich,freigemeinnützig,privat
mean,0.6625116251592474,0.6015818708047896,0.5690099611957561,2.431433659839715,0.8067249966215323,0.4546394582869328,65.87563075096467,1.0,2.3633125556544967,3.0,49920.78420896408,0.870527015634573,0.42347131041869135,0.3041859219738591,0.2723427676074496
median,0.6625116251592255,0.5563602081416609,0.4893901891776787,3.0,0.8067249966214741,0.3665851833850188,66.0,1.0,2.0,3.0,49429.0,0.9548759350739213,0.42347131041869135,0.3041859219738591,0.2723427676074496
variance,4.83298335523001e-28,0.04391367324681748,0.06539837540516295,0.5347814087643673,3.384912860283734e-27,0.11781316435032814,49.79572191914887,0.0,1.0171605853878223,0.0,905709212.4079316,0.03773681250141749,0.42347131041869135,0.3041859219738591,0.2723427676074496
