index,university_hospital,case_volume,number_beds_total,hospital_type,dedicated_dept,QI,Age,Gender,Ruralness_ktyp,Severity,plz,travel_time,öffentlich,freigemeinnützig,privat
mean,0.24620248639642656,0.6219914067081443,0.5356086536312242,2.431433659839715,0.5016522501396838,0.48240288735685466,65.87563075096467,1.0,2.3633125556544967,3.0,49920.78420896408,0.8876089770819432,0.42347131041869135,0.3041859219738591,0.2723427676074496
median,0.0,0.6195797477131835,0.48906222140525546,3.0,0.5029959615239576,0.38917796210070826,66.0,1.0,2.0,3.0,49429.0,0.9498728483923817,0.42347131041869135,0.3041859219738591,0.2723427676074496
variance,0.18545303149889267,0.07969416808552901,0.05157269697735453,0.5347814087643673,0.0006741758952611496,0.09959043628615624,49.79572191914887,0.0,1.0171605853878223,0.0,905709212.4079316,0.02142738331700941,0.42347131041869135,0.3041859219738591,0.2723427676074496
